text,created_date,rubrics
"–°–ª–∏–≤ –∏–Ω—Ñ–æ—Ä–º–∞—Ü–∏–∏ –Ω–∞ –ø–∞—Å—Å–∏–≤–∫–∏:
",2019-07-25 12:42:13,"['VK-1603736028819866', 'VK-11879320040', 'VK-63192684938']"
"üéÅ –ö–æ–Ω–∫—É—Ä—Å –Ω–∞ –ù–û–í–´–ô –°–ö–ò–ù ‚ÄºÔ∏è

–£—Å–ª–æ–≤–∏—è: 

- Like ‚ù§
- –†–µ–ø–æ—Å—Ç üì£
- –ü–æ–¥–ø–∏—Å–∞—Ç—å—Å—è –Ω–∞ —É–≤–µ–¥–æ–º–ª–µ–Ω–∏—è üî•

‚è∞ –ò—Ç–æ–≥–∏ 4 –∏—é–Ω—è –≤ 17:00 –ø–æ –ú–°–ö",2019-05-31 17:18:42,"['VK-1603736028819866', 'VK-95883495386', 'VK-55347043459']"
"–ò–Ω—Ç–µ—Ä–µ—Å–Ω–æ —É–∑–Ω–∞—Ç—å –≤–∞—à–µ –º–Ω–µ–Ω–∏–µ, –æ—á–µ–Ω—å –¥–æ–ª–≥–∏–π –ø–µ—Ä–∏–æ–¥ –≤ –≥—Ä—É–ø–ø—É –Ω–∏—á–µ–≥–æ –Ω–µ –≤—ã–∫–ª–∞–¥—ã–≤–∞–ª–æ—Å—å, —Ç–∞–∫ –∫–∞–∫ –≤—Ä–µ–º–µ–Ω–∏ –Ω–µ –±—ã–ª–æ –∏ —Å—á–∏—Ç–∞—é —á—Ç–æ —Ç–µ–º–∞ –ø–æ—Ç–µ—Ä—è–ª–∞ —Å–≤–æ—é –∞–∫—Ç—É–∞–ª—å–Ω–æ—Å—Ç—å. 
–ß—Ç–æ —Å–∫–∞–∂–∏—Ç–µ –ø–æ —ç—Ç–æ–º—É –ø–æ–≤–æ–¥—É, –º–æ–∂–µ—Ç –µ—Å—Ç—å –∫–∞–∫–∏–µ-—Ç–æ –ø—Ä–µ–¥–ª–æ–∂–µ–Ω–∏—è?üì±",2019-05-16 05:59:36,"['VK-1603736028819866', 'VK-64144010029', 'VK-41686355398']"
"–º–æ—è –ø–µ—Ä–≤–∞—è –ø–æ–ø—ã—Ç–∫–∞ –ø–æ—Å—Ç—Ä–æ–∏—Ç—å —á—Ç–æ-—Ç–æ –±–æ–ª–µ –º–µ–Ω–µ–µ –Ω–æ—Ä–º–∞–ª—å–Ω–æ–µ, –æ—Ü–µ–Ω–∏—Ç–µ –æ—Ç 1/10 –ø–æ–∂–∞–ª—É–π—Å—Ç–∞.

P. S –∏–∑–≤–∏–Ω—è—é—Å—å –∑–∞ –º–µ—Å—Ç–æ —Ñ–æ—Ç–æ)",2019-12-26 09:27:00,"['VK-1603736028819866', 'VK-10925451700', 'VK-26499386090']"
"–ù–æ–≤—ã–π –±–æ–µ–≤–æ–π —Ç–∞–∑. –ë—ã–ª –≤ –Ω–∞–ª–∏—á–∏–∏ —Ç–æ–ª—å–∫–æ —Å–º–æ–ª—è–Ω–æ–π –∫—É–∑–æ–≤ –ø–∏–∫–∞–ø. –û—Ç–¥–µ–ª—å–Ω–æ –¥–æ–∫—É–ø–∞–ª –¥–µ—Ç–∞–ª–∏. –°–∞–ª–æ–Ω –∫–∞—Å—Ç–æ–º. –ß—Ç–æ–∂, –Ω–∞ —ç—Ç–æ—Ç —Ä–∞–∑ –∫–æ–ª–µ—Å–∞ –≤ –∞—Ä–∫–∞—Ö, –µ—Å—Ç—å —Ä–∞—Å—à–∏—Ä–µ–Ω–∏–µ —Ç–∞–∫ —á—Ç–æ –æ—Ü–µ–Ω–∏–≤–∞–µ–º",2019-12-24 15:05:57,"['VK-1603736028819866', 'VK-62365061197', 'VK-91292631967']"
"–í—Å–µ–º –¥—Ä–∞—Ç—É—Ç–∏)
–ù–∞—Ä–æ–¥,–∫–∞–∫ –¥—É–º–∞–µ—Ç–µ,—Å—Ç–æ–∏—Ç –ª–∏ –¥–µ–ª–∞—Ç—å —Ç–∞–∫–æ–µ –∫—Ä—ã–ª–æ (–≤ –≥–∞–∑–µ—Ç–∞—Ö)? –û—Ç–ø–∏—à–∏—Ç–µ –≤ –∫–æ–º–º—ã,–ø–æ–∂–∞–ª—É–π—Å—Ç–∞,–Ω—É–∂–µ–Ω —Å–æ–≤–µ—Ç)
–§–æ—Ç–∞ –¥–ª—è –ø—Ä–∏–º–µ—Ä–∞:",2019-12-21 22:32:12,"['VK-1603736028819866', 'VK-83173127041', 'VK-38797155901']"
"–í—Å–µ–º –ø—Ä–∏–≤–µ—Çüëã.–£ –º–µ–Ω—è –µ—Å—Ç—å –≤–æ–ø—Ä–æ—Å ,–∫–∞–∫–æ–π —Å—Ç–∏–ª—å –ª—É—á—à–µ –¥–ª—è –Ω–µ—ë —Å–¥–µ–ª–∞—Ç—å —Ä–µ—Å—Ç–∞ –∏–ª–∏ —Å—Ç–µ–Ω—Å . –ú–æ–¥–µ–ª–∏ 2–≥–æ–¥–∞ –æ–Ω–∞ –¥–æ —Å–∏—Ö –ø–æ—Ä –≤ —Å—Ç–æ–∫–µ ,–Ω—É–∂–Ω–æ —á—Ç–æ-—Ç–æ –º–µ–Ω—è—Ç—å.",2019-12-08 15:30:00,"['VK-1603736028819866', 'VK-68211854223', 'VK-49536229743']"
"–ó–¥–∞—Ä–æ–≤–∞,–Ω–∞—Ä–æ–¥!)
–•–æ—á—É –ø—Ä–µ–¥—Å—Ç–∞–≤–∏—Ç—å –í–∞–º –º–æ—é –ø–µ—Ä–≤—É—é –º–æ–¥–µ–ª—å-–í–ê–ó-2107)
–î–µ–ª–∞–ª —è –µ–µ –¥–æ–ª–≥–æ,—Å —É—Å–æ–≤–µ—Ä—à–µ–Ω—Å—Ç–≤–æ–≤–∞–Ω–∏—è–º–∏ –∏ –¥–æ—Ä–∞–±–æ—Ç–∫–∞–º–∏.
–ó–Ω–∞—é,–∫–æ—Å—è–∫–∏ –µ—Å—Ç—å,–Ω–æ –æ–Ω–∏ –∞–∫—Ç–∏–≤–Ω–æ –∏—Å–ø—Ä–∞–≤–ª—è—é—Ç—Å—è)
–ó–∞–¥,–∫—Å—Ç–∞—Ç–∏,—Å —á–µ—Ä–Ω—ã–º –ø—Ä–æ–∫—Ä–∞—Å–æ–º –∫–∞–∫ –Ω–∞ —Ä–∞–Ω–Ω–µ–º –ú-2140,—è –∑–Ω–∞—é,—á—Ç–æ —Ç–∞–∫ –¥–µ–ª–∞—é—Ç –≤ –æ—Å–Ω–æ–≤–Ω–æ–º –Ω–∞ 2106,–Ω–æ –≤–∏–¥–µ–ª —è –∫–∞–∫-—Ç–æ 05 —Å —Ç–∞–∫–æ–π —à—Ç—É–∫–æ–π)
–¢–∞–∫ —á—Ç–æ –Ω–µ —Å—É–¥–∏—Ç–µ —Å—Ç—Ä–æ–≥–æ,—è —Å—Ç–∞—Ä–∞–ª—Å—è)
–ï—Å–ª–∏ –µ—Å—Ç—å –∫–æ–Ω—Å—Ç—Ä—É–∫—Ç–∏–≤–Ω–∞—è –∫—Ä–∏—Ç–∏–∫–∞,–ø–∏—à–∏—Ç–µ –≤ –∫–æ–º–º–µ–Ω—Ç—ã,–±—É–¥–µ—Ç –∏–Ω—Ç–µ—Ä–µ—Å–Ω–æ –ø–æ—á–∏—Ç–∞—Ç—å)
–ï—Å–ª–∏ —á—Ç–æ,–Ω–∞ —Ñ–æ—Ç–æ —Å –±–µ—Ä–Ω–∞—É—Ç–æ–º –≤ –≤–æ–¥–∏—Ç–µ–ª—å—Å–∫–æ–º —Å—Ç–µ–∫–ª–µ –æ—Ç—Ä–∞–∂–µ–Ω–∏–µ,—ç—Ç–æ –Ω–µ —Å—É–ø–µ—Ä–∫–ª–µ–π)",2019-11-21 18:46:10,"['VK-1603736028819866', 'VK-50385308826', 'VK-58935270154']"
"–í—Å–µ–º –ø—Ä–∏–≤–µ—Ç, —Ä–µ–±—è—Ç‚úã! –ù–∞–∫–æ–Ω–µ—Ü-—Ç–æ –¥–æ–¥–µ–ª–∞–ª —Å–≤–æ—é –ø–µ—Ä–≤—É—é –ë–ö! –ù–µ –±–µ–∑ –∫–æ—Å—è–∫–æ–≤ –∫–æ–Ω–µ—á–Ω–æ, –Ω–æ –≤—Å—ë –∂–µ –¥—É–º–∞—é —á—Ç–æ –¥–ª—è –ø–µ—Ä–≤–æ–≥–æ —Ä–∞–∑–∞ –ø–æ–ª—É—á–∏–ª–æ—Å—å –æ—Ç–ª–∏—á–Ω–æ. –ö –∑–∏–º–µ –≥–æ—Ç–æ–≤ —Ç–∞–∫ —Å–∫–∞–∑–∞—Ç—å üí™üòé. 
–û—Ü–µ–Ω–∏—Ç–µ –ø–æ–∂–∞–ª—É–π—Å—Ç–∞ –æ—Ç 1 –¥–æ  10üëáüëáüëá",2019-11-12 21:10:52,"['VK-1603736028819866', 'VK-31847372306', 'VK-32126024333']"
